id,forager_id,item_id,kg
4d3995f1-b52d-4b1b-9dea-d2da8753cb26,a3b84619-95e3-4494-9cfd-425ed03d958d,1,1
2e281143-d2a5-4ed2-852d-d9cb778e8b97,a3b84619-95e3-4494-9cfd-425ed03d958d,1,1
8d06fb3d-03b0-4ca6-99aa-4272a6107bee,a3b84619-95e3-4494-9cfd-425ed03d958d,1,1
a8b8892b-4c31-45c3-98e0-a9deaefd4136,a3b84619-95e3-4494-9cfd-425ed03d958d,1,1
e11b36b5-9a73-49d7-a3c2-7ef84e9e9c0b,a3b84619-95e3-4494-9cfd-425ed03d958d,1,1
61ee3d86-1677-4029-b6aa-5236d8c73265,a3b84619-95e3-4494-9cfd-425ed03d958d,1,1
8c1f1d6a-06ec-4f5b-8300-1c19bd9cab3f,a3b84619-95e3-4494-9cfd-425ed03d958d,2,1
