id, first name, last name, state
0e4707f4-407e-4ec9-9665-baca0aabe88c,Jilly,Sisse,GA
0ffc0532-8976-4859-af6e-fedbe192fca7,Darby,Domerc,CT
2ca7c3e5-2c97-4e93-83f4-6645ceed4a38,Gav,Snowdon,NV
7b7a7611-7a16-418b-b022-0553738a4ce1,Bev,Osgood,KY
7f47325f-8c02-4fca-a4a4-c56d737ffadc,Pearl,Kahen,OH
ece2f394-5780-4cdd-a73d-bba5047f1233,Nels,Chaddock,IA
a3a287f2-6882-4d1f-bff0-885d22ac71f9,Rolf,Pomroy,ID
dc77091f-0e2f-4a95-b010-3ced6f719062,Sandi,Copestick,WV
cda52d73-fa62-465b-ba64-189a9f356938,Jasmin,Common,CT
9f4d9af4-edc5-4c34-b459-c43527b64cca,Danila,Haseman,TX
b9d362aa-612c-423d-9955-db0bc3e0eae9,Florance,Saladino,TX
06bf6315-90ea-4bd2-bfdb-2683e93011d6,Holt,Burchell,MN
97b1438e-00c4-4b54-997c-d652596fd673,Toiboid,Carnelley,MI
6c0251a9-a925-4077-8b38-70b2d9d14558,Tripp,O'Carran,CA
f453b6b4-61c8-4357-a7d5-a3e55f0ef4a8,Bernie,Masi,AL
e4c27eea-a2ba-47e5-8764-8418cd568773,Calla,Chrisp,AK
dc936540-6bb4-431e-98b0-3fe74d1d348f,Ansel,Rains,NY
244ba09d-77c1-456d-b202-96ce68e04045,Stefanie,Fitchet,OR
8bdffffc-8ae3-474a-92ac-24eb491fe56d,Gabi,Duetschens,FL
9526894b-f072-49c8-b921-17f5b1649d7e,Jerome,Hendriks,NC
0ca4ee68-f000-492c-b80c-528b4e54f929,Leesa,Fogden,WV
a3efd4e5-ca69-4c28-aa1e-a54563c3cf58,Shepperd,Marchand,VA
2b0f4833-f764-45b2-9c05-aac1ea49410c,Mady,McGee,FL
eac6fcc5-fe60-4408-a7b2-39d6fe207549,Boony,Mott,FL
6ea0312e-d21e-475e-91c2-0d6a3840dfb4,Hettie,Wimmers,WV
ce7bff24-3d22-4911-98eb-38b2f40b41ee,Rheta,Branno,FL
dd58d4c1-5e47-4e8e-bf07-28a048317c95,Nickey,Heck,CA
d07ffccc-b54d-4f8c-bdd7-5c22e720c6ee,Hertha,Boast,TX
ed40df7e-751a-4146-8cf9-c58ea357d7cc,Adeline,Union,VA
30816379-188d-4552-913f-9a48405e8c08,Ermengarde,Sansom,NM
37554f10-9280-47f0-9034-300e08793cb1,Abelard,Cafferky,AZ
1c954b32-f6c5-4b14-a69c-feed987f2843,Kristo,Predohl,AL
939ea47d-3c9e-4795-a164-ba02408d925c,Wood,Bayly,KS
39fc3738-b9fe-43a8-8886-c23f187c491b,Clayson,Cusworth,WA
666892ed-693f-42fe-84a6-def56740b1cd,Corri,Croose,IL
d3c751cd-25ae-4526-a5eb-c432140f9abf,Rosaleen,Sunners,MN
959915b7-cd64-4b47-97e0-873f42ef472b,Sherrie,Reavell,CO
d7ec14a7-33eb-4d56-9e29-cd01ef2e8d9a,Arlette,Le Prevost,DC
0e31e193-05f4-45e4-b481-8653a13a1768,Cathrine,Ginger,AL
465dbd92-1c6b-4c6f-b4e4-6b0f1f00b8ef,Katerina,Potte,NJ
3f88bd91-3c0a-4895-b7ec-66b8d2ced2e1,Jedediah,Foulsham,NC
17ffcad1-8b32-4aba-84f5-7a2681b34d23,Mallory,Tocque,TN
73e86bd0-9e04-4427-b687-8180b29e6d57,Wiatt,Bailles,WA
9bb35d94-3a22-4d9e-8bf5-ec489d844a02,Glenda,Sprull,DC
bd43bf48-0eba-4258-be7a-2fb668e7e628,Kory,Geraudy,VA
8114ba20-3ef1-432c-a29b-f6f1640dc7c4,Gus,Fullom,MD
42a34bcb-652b-4c61-9ab6-305af8ae016e,Meredith,Newart,IA
533e8dfc-fc31-4828-9309-70dc45595ccd,Tandie,Smallacombe,OH
328b286c-16cf-4052-885d-73174c521336,Romy,Sidsaff,VA
fb5f0028-76ad-4684-b1fa-e496d61b6ecf,Stanislaw,Whitehall,CA
afb3e11f-9517-4d2d-aa93-e14d1b736717,Bamby,Fryett,AR
24f452fc-dcb6-45e0-9d04-3f26d01ea98b,Gallard,Rist,TN
e60c2857-605a-4933-ba10-2da29ffc2e6f,Joan,Shah,DC
522c79d2-1b0b-46ed-a694-26d9eb6ed1c0,Glenn,Omrod,PA
e054afee-7c9c-4756-87ad-1d5d049bcd27,Jarrett,Rudwell,AZ
f3b86557-ceb9-4567-b614-abf1a57c195e,Eleanora,Bravery,FL
bea8c0d4-003a-4d0b-9170-133c33ce4a7a,Job,Pinchon,CA
a026c6e9-adb3-4c0a-a873-a8935f20154f,Elnar,Pheby,WA
ec118f21-7cdb-451c-909d-fcee327e78a4,Roobbie,Cocklin,WA
7f3f36f9-73a3-47b9-ad73-5b38c83de21a,Ortensia,Mapledoore,MI
2a74a937-c846-4335-bb9b-281e05f99d98,Violette,Reyes,NY
188fb50d-4f48-4063-9508-c980e7817d49,Fredric,Deble,NY
47773020-64d5-4aa9-b2b7-eca81ccca1b5,Danella,Sillito,AL
4cda93e3-6ebe-421d-aa63-61480bec7e10,Jamison,Orneblow,CA
31e4a6f7-c313-478a-be72-bb116d3f6a41,Griff,Schwanden,MA
57d61545-3406-472f-a0d1-ccdc433d83cf,Gerty,Chadderton,WV
df916e67-a18a-4251-ad19-008c85c2fd5a,Creight,Eshelby,IL
f9dade69-b32e-41c6-ab7c-b11fa352dd8b,Antoine,Fishley,FL
76a98d36-a29b-472e-90ac-8bdf71819c4f,Bonnibelle,Lount,KS
4596e33d-6d6e-4087-abaf-2a0cb7be1b99,Maxwell,Moniker,NY
7edfa48b-3429-4416-b250-e7f5da84c8ad,Berky,Hamner,CA
15c3c35e-7473-49f3-90b8-95977489e129,Ulick,Shalders,CA
d3c626e2-61e8-4eeb-b297-fbc02bc1da57,Hollis,Canada,CA
2338949f-c0b7-405e-800c-f416467d7ac0,Otis,Surr,WA
2f8559da-bc9b-445a-9497-9bc8c72bccc6,Hersh,Drever,MO
de99c578-61ce-4a69-b0ab-d53541ca4bba,Alex,Shrubb,CA
c0390e2b-6850-4bbb-9b0e-0dae9690b32c,Howie,Bramich,MS
775b91fd-d02a-4b31-afb6-11cb25675dc1,Jewell,Flanigan,CT
05f37e4f-7272-437b-804d-5aa34c3cc0e9,Claudianus,Gilloran,FL
23937141-b05a-4c98-abdb-a213de8c75f1,Martie,Corry,NY
87ee63a9-5e41-48b3-a000-d7c8f5c9fbc5,Clarance,Catanheira,VA
a530b4c0-1383-4403-a826-8199eca7c827,Pembroke,Worsam,MS
4c9f2c95-2dbb-4200-bf25-d2ae7dba96ea,Madel,Cowgill,TX
be0ada8b-9791-4038-93d5-c8ff759792c5,Tomi,Gronw,OH
6373f5d6-9aa2-4998-a4ee-18643f9bece4,Melvin,McKelloch,LA
829475f6-530b-41a5-90f6-7d761502d13e,Shelby,Simakov,GA
f146be2c-72f9-4679-b568-21454804b09c,Izzy,Ofen,IN
80371faf-3771-46d4-8034-f284330a85bc,Corrie,Boumphrey,NJ
42b782a5-54bd-403d-b377-848073be9709,David,Backshill,TX
7e2672f3-2701-4027-9289-67eda6707b27,Koressa,Doone,DE
1f6c1df3-84da-4377-b113-f752207b635f,Madlen,Lambarth,HI
ee845e5f-bc63-4b43-aec6-ad7d2f0b8d0e,Stewart,Janes,NC
07ceb6bd-f717-4d8d-8d6e-a26daf5fd6d6,Minni,Jenks,LA
505a8a37-584b-43c3-a6d8-6b066613ebc3,Nancie,Fullerd,WI
e0af163d-db50-4603-ac37-91b87c750edd,Ignazio,Habeshaw,NE
f50371a2-2ac2-48be-add2-1644ed3d63b1,Sherlock,Yitzhak,AL
d51e07be-4c77-424c-a414-8c1ff23c5d95,Sharyl,Seely,TX
d5ad6341-104a-4d2e-b189-9062a3985613,Salomone,Dudbridge,OH
d63796ea-1bcd-4446-8156-6bf5a7b9af3d,Franni,Glede,AZ
a3626a95-49cf-4921-9fa2-5e84a20c3103,Felipa,Camilleri,NV
5395e8c7-8e9a-4e6b-8cd9-fd8bc6b03253,Erin,Abrahamoff,LA
67296389-e7d2-4f08-91df-eed861880159,Shirline,Butte,TN
870b5176-5379-4933-84ad-2adf36c8b22a,Rose,Bleything,OK
59d9b269-03dd-4185-abb3-44f0afbc00e9,Cornelle,Matousek,AL
3bf8dd5d-12f3-49e8-9e6c-d4f5da1372e0,Cissy,Olanda,TX
8771ce06-47c5-4fe1-948a-54d3bd988aa8,Matti,Baldin,IL
b51df4e7-b3c6-4358-aa17-20a2cce4d4f0,Gustavo,MacGovern,MN
2bcaa1b7-9b5d-46f6-97ca-4015e4186d27,Sylvester,Castelot,UT
5cebe0e1-0d62-4a1e-8d93-cf01cf9cd1cc,Morton,Drakes,TX
db4c710b-fc85-484e-a22e-0113fd8e63db,Jecho,Newitt,GA
e6596297-aca4-46d0-b1e6-6ee356dfa323,Nancy,Carnilian,DC
93aa96f3-450c-411d-be00-500c40654dc6,Ebba,Mistry,IA
df5efcb8-d01e-4782-b401-948c3e832494,Janos,Spalton,AL
f5ec4189-4a9a-4a57-b922-24cb8febfd71,Tansy,Langmuir,CA
c1173ba4-c0a0-48ff-bebe-f6995895976c,Billy,Baudone,CA
a653e59e-8bcf-46c4-878c-2be0530d3336,Harmon,Mallinson,FL
5654a4b2-f44c-4818-ba03-d2a2f7d8fd0e,Faunie,Vassay,NY
098d79cd-d06e-4770-bf75-f904f81cf84c,Timoteo,Delieu,CA
89cd0a71-51ee-4862-a117-2a3eb4f5991b,Codie,Hoys,CA
bc186853-8d47-4693-ac3e-4978c2f84bee,Sergei,Beevers,FL
0d136baa-b6e0-449c-ab93-d313ab918a2a,Lorilyn,Dibb,AL
6a0ca402-2f8a-47cc-8ce1-801cf00297ab,Reina,Mounfield,NJ
a5676c6a-695d-427f-87c0-bf13363ae1a4,Matty,Blurton,CA
07557729-bed1-4e93-a87d-1b28fb03247d,Nicolina,Dulinty,IA
ab8cf03b-c992-485b-98b6-f25e35b23bd9,Cecilio,Baglan,CA
0c854733-16dc-4e90-b4bf-7b44aba78471,Bartholomew,Basnall,NC
25bd1aa5-f71f-4881-b578-835ea2f3b117,Antonius,Chateau,CT
f12a3292-6f77-48ea-a87d-a23378866326,Nana,Manser,SC
70764241-8d36-442c-a719-f28f229f671d,Tony,Buckenham,CA
580c4294-9ca3-4c8a-b2ad-2efda8f2cb07,Ahmed,Shoard,NY
6e3c35ec-3cc9-4eec-b23f-5b80b2cba448,Eleni,Old,OH
8f2daae0-707d-4c0b-b13e-e528b4da3916,Bourke,Cleveland,CA
1e9043f9-dd85-4ee5-b487-c6fc3d5e3a45,Fonsie,Kubek,AR
4a839ac8-3042-4135-b0d9-4a670fd0a8c5,Devlin,McKeeman,IL
df6ccd1f-ca2f-4f1b-81d8-98ad5469db34,Nicholas,Davidi,LA
f0906a93-b3a0-49e8-b7aa-ad4215ad6992,Martie,Ridde,OK
ad23a002-ca93-4de4-9de4-e77808be9ab3,Fanya,Leeves,AR
e0c54757-8f1e-40b5-a50d-e362e54cac98,Dunstan,Dandy,FL
7af66faf-d7b7-4057-921f-a2ebee408a4c,Anabel,Bruggeman,WA
0407429f-843a-409b-9aa1-140d71ef92f1,Grenville,Wychard,CO
816256a8-b46d-49f1-9268-449f7425338a,Caryl,Neill,OR
59a49b06-1859-4b89-a544-413ba4bc7b9f,Pepillo,Carling,FL
6e22cca7-0e15-4306-a4ed-ec5af173fb86,Humphrey,Sherrin,MN
4e690de8-6312-4bb5-9190-e609d24804f2,Sean,Lockyear,TX
5bc25e80-e8df-4f5e-afa5-4a684d301333,Lyn,Conti,CA
eb834702-e31a-4b38-867b-67f4be0af1ab,Yorgos,De Roeck,CA
004eafde-ebf4-45be-b88e-92c2ffc9b72a,Jamal,Reavey,FL
8667eeae-d492-4422-8252-2fecd7a874b3,Tab,Raynor,IL
849104f3-2c7a-4c2c-9784-9649c0781a78,Micheal,Barbara,GA
2015b269-0347-4747-9e5b-a3dc8767993a,Aldwin,Camerati,KY
bd37b3aa-ff34-44d9-bd3d-3a5a54753660,Nert,Waberer,TX
ec5ec857-a6d2-4524-a0b7-4a4736f821e3,Lilly,O'Kinedy,TX
33e08c33-1c8b-4d2f-9a8f-821e3974302c,Loralee,Dawtre,MD
88956e9e-86ec-406b-8ac3-fb39ba12ab44,Ly,Hoovart,DC
b2e5fd50-40df-4df7-b95b-d3c3353cc433,Lilly,Breakey,LA
cb895291-0dc8-4ffa-a715-9187efafdb09,Innis,McRory,GA
7d529aa9-866d-4f65-a330-1d591733d959,Ruthann,Binning,IL
272f837e-9ea1-47d9-a127-e3c401ef5a40,Desmund,Vipan,SC
dcc98a01-039c-494c-88ac-bdffbed1c808,Aloisia,Caulwell,MA
5b2395c2-2082-48a8-bdc5-e724f4c8e198,Burr,De Brett,NC
e7b8139c-b6ce-4fbc-84e2-6cf0d9a89bcb,Filippo,Schimon,MN
b65ce526-8de8-4aef-bb7c-f9d050ba91e6,Hadleigh,Ribey,WI
cb219e64-1c42-4b3e-bd64-ce80a7e0e1b7,Kaja,Harrington,MD
c0095ab7-ce8a-404b-a975-1c02b81e22f2,Jackelyn,Redhouse,IL
213402e4-8959-46d3-a27b-17e2d436e0ec,Tiphanie,Kingham,PA
d04d1b80-e289-40ef-915b-738b4f7c1c4c,Theo,Kilgrew,MI
f05c6aef-628e-444f-a3e1-4b31a62f858a,Prudi,Dybald,NE
f8c762b3-4d58-46ec-bea9-7ef3571c0028,Helaina,Cobby,FL
1b0efcaf-b126-447b-bb5d-f59ffc7525c8,Hannie,Glew,CA
f9b84747-6d35-4ee7-9a27-bf6fd753f4bc,Nada,Ikringill,OH
ae438493-f7ad-4c6f-bb11-08de1762367f,Tiffanie,Gibling,CA
b69d8e95-8b5f-4a89-97e8-dafb47734ef6,Basilius,Simionescu,TN
4a3913e3-b277-4dcb-bd2d-27234beb9bec,Bourke,Rangeley,OH
1d479465-e87f-4e56-8e9c-79d089195581,Dorothea,Bogart,AZ
b6ea9d79-02e4-4787-8b23-45828a474d6d,Peyton,Lorman,WI
82e5c638-bab7-4159-b1fc-2520dc81bcda,Odette,Rabjohns,MA
c948e7c5-5a64-42e1-beda-26ff0d16b03a,Felice,Ringham,FL
f5921cc0-2dac-48e8-944c-5c021ce11a56,Horatio,Cornelissen,PA
7ce89575-a165-41c6-8fd0-db39dc9ec5fe,Kacey,Lanigan,NC
9838e76d-e0bd-4780-ab19-5644d3b13f20,Frankie,MacKenney,FL
ab31ee27-5e9a-471a-93eb-c6f59d6a05a1,Kristi,Mattiello,NY
10a182c9-7c9b-42d8-b853-1828ab84bcf0,Hurlee,Hedaux,OK
20780add-ba6f-467f-8763-477177192deb,Terrance,Yarnley,TX
603a55ff-52a4-48e0-b5d5-ee6ce7442584,Agnese,Poff,MN
85fd84d8-3873-48ee-a86c-8af359c9d5e3,Margarette,Sellack,CA
ef3eb73d-a0ec-4cfe-8991-21f6c4ec9be3,Fara,Fooks,OH
48286f61-91bf-4536-8332-3b98ce877e76,Edythe,Huddy,OR
eff686d1-6974-4d89-88a7-3a75fe466f4d,Ezechiel,Boam,NC
0e78d41b-7478-4a30-aeda-3333bb6801d4,Tracey,Robertelli,VA
be193d53-57f7-4ace-b96f-6b9d8ffac048,Velvet,Cawthra,TX
bb724f8f-782f-49bf-9bed-8b01ed148e93,Saraann,Kmieciak,OR
e1412465-880d-4cb8-a275-28bbc88358b7,Dino,Gethen,AR
800521e0-e318-4c9c-8385-7f45a3c066c9,Cherry,Wisby,CA
c838f69c-48a1-451f-9755-73f18d7a2e53,Teena,Warboys,WV
25a82f7f-0549-4a79-aea9-68be51e2978b,Tonye,Cornthwaite,OH
9fcc4986-052f-49f0-a855-55efa40c8aae,Melicent,Kedward,NY
44e5616d-cfe5-4a18-b781-d5ecbb45edc8,Gonzales,Hadlow,TX
c98714ec-349c-4079-a010-b531a04f7855,Charlie,Fudge,TN
bc584535-bc45-425e-8a38-b12b467165c5,Sheppard,Yates,NE
df0e9181-5e0d-49da-81dc-4190f8aeb810,Cristy,Gonnet,TX
26b8f485-2275-49c7-800c-ca17bb5bd878,Hesther,Pinniger,CA
88a976a4-5840-48a5-9734-4d4212f871ef,Dorian,Soldan,AL
99746299-e053-461b-8235-0b75fd9842a4,Lynnea,Robic,CO
45d40ef3-fee2-4938-938e-364dea3cdc1b,Jeth,Eliasson,MA
f8b951ac-a64e-4da4-bee2-10af26e6f6a6,Ninetta,Delap,VA
74d6d426-45aa-4a7e-a101-0ddc8fc6e04f,Armand,Osborne,NV
c98ff222-38be-44a5-bb4c-7dccd855a9b5,Sayer,Rye,MN
35c8d7e1-e9ba-4550-8628-96f5b7620b3c,Kitti,Benton,FL
3640bf16-d711-4999-8f01-17e57f06857c,Ashil,Beves,IL
6e6cf75c-a14d-4ebc-8bd1-fa27dc45e275,Jule,Oldnall,MN
5b768113-0dc0-4bdd-9faa-3c0ec7e097eb,Dani,Kaasmann,PA
bf849635-e9de-443d-baad-518d373a3413,Dunn,Dorkin,WA
2796210c-d344-492a-bae4-f253074e8ce2,Melody,Richfield,FL
8369ed92-28c7-43f7-953e-4fa6125551c3,Emalee,Behne,VA
b56c7284-20bb-4dc7-9a1e-df05ce8901d7,Alphard,Kordt,DC
19564fca-6869-4875-b032-59f07e572510,Edee,Shucksmith,CA
de12c88c-2e5b-4ab9-834a-aa464dd29c70,Adler,O'Nion,FL
9f60d897-d088-4eb0-916e-130173277d4f,Prent,Winslow,TX
49adcd05-7df6-41f5-832a-d4bb526ee501,Daffi,Playfoot,CA
2086dbcf-0e5b-42c8-a1c3-e8fc7c626425,Geri,Bushel,CA
4c2e8e1c-80cb-4c3e-bcd2-26910e77f8b7,Eileen,Grzes,VA
6d4ccaab-acef-45a4-a537-719f5b372123,Care,Mettetal,MN
32704ced-6c16-4058-a01f-61dfd44d9736,Ingrim,Baggot,FL
72c056c7-8236-4251-85fb-37198e110917,Patrizius,Bigland,CA
edeb040f-9eca-4467-8446-7a36812ce649,Phillida,Eicheler,PA
51df12db-2c44-4c94-ab8d-8481177274d9,Perri,MacGaughie,AK
7be0a857-75be-401a-90e8-298eef59cf4f,Else,Schott,TX
8944ecbf-4825-4624-9a6f-8bcbb3533047,Gerladina,Riordan,SC
6426b6b4-3953-4926-84ef-64feabbb40be,Kirbee,Powlesland,DC
caf3b7a2-f7ab-4673-896e-6f13d1c3c459,Neille,Speller,LA
aa4f402d-b14b-4127-b8d8-7d9752a93b0b,Giuditta,Gomery,TX
b78b97ce-943c-43f7-85ac-dc8c0975b342,Christopher,Nuccii,CT
f99fb812-5bc6-4f1a-8983-947acd4248ed,Lanae,Ellerton,IA
0861c0cb-65cc-48b4-bca0-a5a4671b0071,Jamie,Jeanon,CO
50d94ea6-a202-42e8-9ece-76724e7444a3,Portia,Towey,CO
47e89fb5-932e-4ccb-ab8c-2c1e6c4b06b7,Francene,Brennenstuhl,OR
ebdfee34-1822-4ace-84a7-e3f98d031dcd,Rickie,Dymott,TX
c1e92a37-2d64-4913-8475-f8a90d12382c,Collette,Bumpus,KY
b3ed6983-5141-4614-903a-3c9e489e9b7d,Kali,Meech,TX
627e129b-108e-4d12-926d-5454181e0c58,Emlen,Tonks,IN
12a325f2-3877-4a88-86df-bc57d8b3aa94,Chanda,Deem,KY
3f1daff4-0d08-46c9-9489-a18cc10f40d0,Kristal,Baxster,AL
a5cc71c0-13bb-4cbb-83e6-9e26c7ec671a,Melisa,Bortolini,LA
b72ddf8b-34d8-47c9-9e38-4cc1c6b323ae,Konstanze,Zollner,IN
0f4e7d69-1714-4ece-8985-1bd4fc4d3962,Hilliard,Massei,FL
466d710d-301b-49ca-95ca-aedf82909149,Melli,Eccleshall,LA
c5fba6a9-c03b-4e92-8234-a873ed3b2648,Katlin,Stoyell,TN
e0269f20-1d70-4853-8c77-011afc9f112c,Josi,Crossan,DE
63207c77-9c13-43dc-ab6a-04b1b81d4eb9,Hyatt,Northern,AZ
501bad82-b713-4ead-b2e8-d42dc20c590b,Brier,Perryn,TX
41b867ec-593d-421c-9896-7617016bbb44,Desiree,Caswill,VA
4d7cb3dc-c0ca-432c-98ba-c6bd87c918f1,Joan,Hucknall,NC
11a1f06e-596f-43b6-954c-5653f6937ab0,Carmela,Kinane,NV
1c646f3c-a4dc-4ce9-a027-28283fc2ff1c,Marian,McHaffy,TX
0a3d2b5c-4266-4ac1-a9d3-801ec12c1e05,Lalo,Muldownie,VA
614ad961-f628-4062-9336-274fe11611a2,Emalee,Dohmer,AL
5a5e54c1-4924-411b-ae5a-0f9fcf89bbf3,Inglebert,Mingaye,KS
ed21ae45-e898-463e-b3df-65c3f1bd35e3,Jacquetta,Laurand,KY
f1f29854-774b-424c-b637-ab3a7e73977b,Hermon,Siddaley,KY
79d64fc1-0275-40c0-afe2-9ac049587a8a,Ira,Espada,LA
ba6ae376-d0cd-45d9-a33d-3c100fd7f784,Kania,Eskrigg,LA
6dff5ef4-e44b-4ac7-9c57-42ffa0813f8c,Giralda,McAvinchey,TX
33973607-0bc2-444b-8e0d-68a38dc0cf65,Millisent,Gynni,LA
ec89052f-6df2-458a-9b18-ac10c885a3cb,Rip,Felderer,LA
f2065467-1634-4681-aebc-bb65fea633b8,Ruddie,Cherrie,VA
4c09572c-591b-4c8a-b471-c9249a699176,Angelina,Cowl,KY
b15770af-a76a-4db1-a542-eb4800253437,Audy,Whatmough,CA
48b5c2e4-f85d-4389-9941-c5b044749483,Burty,Bamlett,TX
b7bec8e3-9baf-4f72-8c36-436a5fd07b4d,Alberta,Pittway,WV
d3e330e2-bdd8-41a4-a13c-6814c16f0e23,Rock,Craigg,CA
7d873a5e-0d27-4d21-82ff-919e534ada3b,Ambros,Gristwood,DC
b54e9f99-481f-40ec-bb6a-e1ff16ce7186,Barb,Verbeke,TX
7bfb954f-7a71-4cf6-bcb6-463736efd814,Joby,Dorricott,VA
d1934a87-bd62-41b0-9e32-7dae606f7550,Gwendolyn,Corballis,OK
337e547f-99b9-421b-9e6e-fbfaadc56ad5,Sanford,Gosnell,PA
88a54a8f-63ec-48e3-ade9-451657116c01,Northrop,Gittose,TX
cd33af4f-2ab5-427a-aa85-db6d7a79fa71,Maurene,Gatchel,IL
29b87e33-3987-482b-854b-d9c65ddd0f55,Giraud,Forster,AZ
b799d84f-0ad6-4c73-8f3b-2aa2754faab9,Joane,Boecke,TX
4a1ae2da-dcbe-4d25-95b8-1928fa5291e5,Aviva,Tetla,KS
ced50f05-8a76-4b75-aed4-35804db670ca,Nikolaos,Edson,WA
405e3978-8366-443f-82f2-8c8cb3339936,Lethia,Karby,PA
3594edf3-2bfa-49ba-b927-9d3a57d444fb,Ynes,Bownde,MI
cf646306-dab3-49c4-bb54-1b80cb249389,Arleyne,Craine,AZ
e3f06396-2965-4540-bad0-d83c9db265db,Bendick,Redferne,FL
03386706-ee64-4592-b721-67fd04befa68,Edee,Dickins,FL
3e792707-5d68-469d-9b47-b275ec35ee72,Andee,Stanbro,CA
e5731443-5b50-40b9-a913-41ab0d984f48,Dale,Janse,KS
9f5729cc-e6af-4d91-b687-be0bd8a80249,Bathsheba,Jiggle,OH
720fabc6-fa10-43cf-ab77-c3f2f1ffca28,Doe,Addyman,NY
d60182a4-1d14-47aa-923f-b4e134deaf40,Adria,Jandak,CA
b8cd2e28-9d9b-490c-910b-2fe7362b24a7,Forbes,Kleinhandler,TX
b7c72821-67b1-43dd-868a-e5abc2076916,Cristin,Flather,PA
238f99b3-9048-40f8-a316-e0fddd974b37,Bonnibelle,Powe,NC
5ea220d0-d08d-4a09-a0d4-8ae0a6e88714,Lanita,Petrelluzzi,MO
07524b4a-3261-41a5-834e-6c28c86cd496,Daffi,La Padula,VA
f5f9e1cb-6693-47ff-9db4-be7c5cd89c9d,Dannie,Towne,GA
2202a612-6bf2-4ff1-9f27-223fc673d959,Katuscha,Joddens,CA
53310a1b-b675-4451-be99-3dda0f5ee44d,Rayner,Zanre,GA
7538d296-f37d-4ce8-9af5-6f6f08a26a40,Teodor,Colby,CA
0a2367b4-10c9-4713-b670-5f2d2acf7534,Timofei,Rathbourne,NE
5d0e5277-b3fc-4439-9ab5-2e2fd36cc896,Josi,Unger,OK
bb3bc9a8-4562-477b-83ec-b94913bd53fb,Gianina,Lillywhite,MS
8fb5bd54-44e7-4e57-a7f2-32b75d333e3f,Jeanine,Dundendale,NE
a9d55932-ee0c-4691-ada8-e103b949f8a1,Arluene,Jewster,TX
cd7d69cb-105d-4056-af99-ccfda579837b,Pavia,Sillito,CA
5310b4a3-fcbd-47f4-bba0-88ffd3456f2b,Jojo,Djurkovic,NC
1f0b972d-4456-4a29-8119-ec4f398cc00b,Sheppard,Andrieux,OH
56beb46c-843f-4a98-a191-3cf0cb4d8d7b,Loydie,Filipychev,OH
72516d06-fc6d-49a5-9fe4-2d8dd7279e6e,Arv,Diss,IA
9f079b22-2685-425d-951c-0ac025b02b35,Shandra,Bycraft,CA
2f736821-0f45-4c75-af7b-590ba9c48e39,Bobbe,Ceci,MI
773dde59-b82a-427a-9ff6-0812bee29102,Audrey,Eilhersen,CA
991a9444-bb26-4348-a729-6097a51e8bda,Nari,Chislett,CA
fd4ea7ac-a9b7-4e9d-b0df-1c89477b21bc,Augusto,Jeanequin,FL
0b429f55-8135-450a-aa3d-15a850662c9d,Abba,Outlaw,TX
60872911-fe9a-4c51-8fcc-b3e89a24845e,Joyan,Cawthra,IL
b1926469-62f0-4f8a-b72b-f868b11a8ce2,Antony,Blaza,MD
bd4e15d8-0acf-49e8-bea6-e4956e04535d,Wait,Mollene,FL
5833423e-5e1a-4898-b54e-22979de7de6d,Pammi,Rowson,WA
8f6a6ed4-b427-4fcc-bdb2-3d9022633e8d,Isador,Gilgryst,TX
a17feaf2-efe0-4bc0-8b29-ebf77cca56b7,Ryley,Ingliss,CA
6dc60d1c-3c16-4030-a0cf-6898eb70ab26,Katharyn,Pressland,DC
d8521f9c-121c-4b0a-9ea6-a04c21e36f84,Dennison,Melan,FL
055a0ada-16bb-4749-8c89-a9ab45f9346d,Marnie,De Lorenzo,CA
894f629e-9456-41b4-a302-41c31a5eca47,Hurlee,Rotge,TX
5d73c326-1744-4843-87ef-4c1e35b2170a,Robyn,Duchan,CA
dba4c019-0fd6-41f3-8328-095bccd1ec50,Stafford,Martusewicz,SC
53541dd7-55d0-466e-87df-09607dae8062,Sheena,Titmarsh,PA
57bdbb93-c371-42a2-973c-2e7459114129,Frasco,Sidey,ND
410b0e7d-9e60-40dc-aeb4-9f9412dfc908,Meade,Bruyntjes,CA
68a99ecf-3cde-476c-8b9b-df373578b8e4,Pepi,Rivett,DC
7be6f366-a2c2-4604-9ba1-9ad677c0cb3d,Loy,Durber,WI
68bb1a67-2747-44cf-b4f7-fb0aefc8db9b,Quinn,Cheyney,FL
5930eab7-7ede-41b8-a0b6-3727806cf94d,Aubree,Sheppard,ID
2a3ae84e-7114-409e-a731-444d33cc383d,Blakeley,Videler,MD
33986a82-4fe2-4d94-b811-c4bc89190196,Edsel,Dockree,NC
6daf1510-2aaa-4371-a810-e5e441d456e0,Trisha,Delyth,GA
f8b2f368-a49f-4ed8-b6e3-4073f7aff213,Hasheem,Szimoni,ID
df25fdef-853b-4d60-b2ac-18576876c58e,Kathie,Vaulkhard,KS
864f3cc3-af7c-4d02-911e-321d887975d3,Tracey,Cromie,TX
8ff5d453-c83a-4690-9f5a-302d4b277125,Monica,Conway,LA
fc1d63f6-7535-465f-924f-ac1c93e2e6ed,Calla,Jarad,NY
771826a3-d0f7-456f-8d9f-fab5fe5d2e00,Astra,Abry,CO
e4870a3f-e4f7-49fa-bb52-636942395a67,Malachi,Sumnall,CA
96077af7-ed4a-4ea0-a9b8-920b2f9a6ef8,Kinnie,O'Flaverty,CA
7adff731-aa5d-41b9-8e86-ce993ed67ccb,Olivero,Adshede,OK
e6a8d692-f80a-473e-b86e-ee1583b53932,Zia,Wisbey,ID
948ca82b-cd99-4e05-b7bb-2f296c11cc75,Lucais,Gamell,TX
e70a3925-151b-4b38-983e-4415c896333c,Ilsa,Emes,DC
e9ff6308-1d70-4769-aff4-f1593a8b1f46,Lois,Marchington,CT
4c0cdaa7-52c4-40b1-8986-9a6f048e6c7e,Ashla,Pilmore,IA
46c4736f-80a7-4c76-a9b1-10ea573c67b7,Geri,Latta,NV
15aadbd9-93f1-42b8-bcb7-4ce1f7c1ea8b,Alexandros,Rojahn,PA
b4c61aa4-072e-4de8-bf60-20fa40ff8fe8,Gale,Leavold,VA
5e0afe48-f6e0-4648-ad51-93712b82c09e,Timmie,Massingham,DE
ce5d4604-887b-4730-b192-bc5642c02029,Gabriell,Monkleigh,TX
339a777a-3f27-4ff0-8b20-11a31c521afc,Sandor,Regler,IN
cbb96bd4-1bad-4a42-a776-b0ce15498059,Birgit,Beesey,TX
2080e37d-912a-45cf-9f02-e3998cebfae4,Ilysa,De Benedictis,CA
2c620cb1-deb1-4689-9f0b-feeff008d9f2,Fay,Ommanney,TX
bfcc4d02-dabd-47e9-ab5a-0c64a4a16acc,Dore,D'Alessandro,CO
5a9c0c35-e7c0-4476-a16d-c7220e13a6a9,Leona,Speedin,VA
9c34b89d-3345-4b82-8d34-72196089a306,Donnell,Medford,FL
273a19ac-f9c4-4dd8-97c1-ed18b11aa6a8,Tiffi,Du Hamel,WI
85705f4d-2276-4258-9f73-1b2815d61c16,Gloria,Tedridge,TX
9d8776bc-34dd-4152-9100-86034d9f3e48,Alister,Scantleberry,OK
2c36458a-205e-4bf3-8cb2-fb20036f99f2,Arleen,Dummett,NY
fb9c11a5-809e-421d-8258-13a4dd33dba7,Bradan,Lohan,SC
dfda449a-2184-447c-a7bf-f26345033319,Omero,Eneas,NJ
305b8feb-25d5-4125-9282-2675bec8bc21,Lyndell,Cayette,FL
122762ab-3ac8-441a-adfa-a47ad19f098e,Liva,Sheldon,OH
cbe798a7-e238-4cd0-aeaa-4cd9aef71d7e,Dulce,Newsome,NY
2af8ca3a-5400-444c-9bf8-c91baf2dc126,Yanaton,Bremmer,MA
fba14ca2-95e0-4402-8511-b9bc8026cd8c,Foster,Bowkley,GA
93e0a315-8beb-4ece-af6a-af77238ba8aa,Merissa,Maldin,CO
fd7c6ab2-918a-4b9b-8f1c-858d4ea598ba,Jesse,Cusiter,CA
9f5b5988-f4ea-4ece-bfbb-3be9e4e12f3e,Wenonah,Macbane,TX
ed777dcd-6818-4aed-ac3c-e8858cab4c82,Corbie,Greenstreet,NY
af05ce15-3829-4707-816c-0ed4df236e09,Cal,McSporrin,NY
1309c109-1077-41c0-b81c-b27cd815550d,Roxanne,Stovin,CA
203370c1-32c3-4ef9-94d7-4e022210c37f,Smith,Diament,AZ
1733c25f-7400-48e4-a101-866d9ef25b5d,Virgie,Clitherow,PA
53739f01-2fc3-4c55-9919-9461a8fc32a8,Alwin,Hutcheon,MN
fc90f4f7-9967-42e5-95bb-773cd135227f,Hobie,Wolfarth,NY
830ed16a-8b00-4dbe-a0b7-f5ffa25414d2,Jodee,Elt,CA
8f3b72d6-a377-4ce5-af2f-cf58d89f9006,Birch,Pods,WV
93f5eb69-043b-4567-984a-18108c988183,Padget,Hemshall,GA
d3e00c5e-a005-4f1b-924a-70a37c1c131f,Jean,Dreus,MA
7f3e1554-8e5e-4857-901b-29f0dd0ef6e1,Alberta,McCallam,CA
fdb847be-fa51-4c02-ab72-f9c946b18b5a,Porter,Monahan,WI
09ff253c-33e3-486e-a697-da7cbdb331da,Ravi,Tatem,CT
57b38ba3-1a05-4fd1-8f88-c0127410e3a6,Grethel,Harradine,MO
ca91683b-61df-4e3d-a846-7215dce9c437,Coretta,Filipputti,MI
9c8667f9-69ef-4402-b4fb-d161e1418365,Yank,Arp,CA
240113c5-bdc4-45cf-ad93-6b5a22476597,Stanton,Jillitt,TX
319b2e98-8f38-4c13-a1c2-af84ed7db966,Liliane,Freiburger,MO
f9cbdcb5-a98b-4e0f-9847-e2c714f3b699,Clerc,Broy,MD
d65870fb-e130-4149-8e4d-bf42da6a7225,Adara,Leipelt,TX
d80115b4-99fe-47c2-9916-34c0d5772d9a,Jayne,Crump,FL
8d3162cc-8519-4b88-b6b7-532d2f77a790,Duffy,Frudd,CA
38b12315-b73f-48b9-a8de-2af3665f9d0a,Celestyn,Pantone,OH
cb3778bc-4522-410b-aec1-0633cff6bf27,Philip,Grimsey,NM
bbd6cefc-8fe3-452f-ac7e-6fa752b602eb,Tanney,Shrimpling,IL
12ddd29b-b98f-43df-b5c8-3c1aa34ab0bd,Michaeline,D'Aubney,OH
883b223d-7e25-4ac8-9e5d-c56a4d562d60,Twila,Leipelt,NY
b05cd418-5c12-4c66-afea-0a6748e42f26,Auberta,Catchpole,NC
8c682f2a-9a4f-4c1b-9709-28b2568017a8,Charisse,Biasi,DC
fe88e7e7-df99-46b1-96a8-604aa31eb8d1,Vito,McTurley,TX
5a23ca89-8b66-4456-ac56-19af111400ed,Morly,Batrop,IN
21c83be9-90f5-41d9-8eb0-a1f766369d9e,Mavra,Wyleman,TN
3b7b3c28-8d92-48e3-b273-26dfd0b7aa40,Peg,Charles,KS
b3ac421d-7adf-4800-8dbf-c70ad58f9729,Noella,Perle,KS
e6505b00-857d-4584-aa30-c5adcc479c14,Nadya,Pinchon,VA
7c70b8b6-de6d-4047-9006-d4ea934e290f,Jolynn,Painter,NH
7825736c-6383-4f02-82fd-809a2d5735f6,Ursola,Eliff,OH
af7bd880-4a38-419b-81d0-350e4d580838,Solomon,Wikey,DC
388a7402-66b3-4862-bb6f-5a5e1d65dd20,Timmie,Shevlane,WI
aa044524-e32b-4ecd-a71a-bcc34aed39cc,Susann,Thorlby,VA
bbcf6b59-c999-4812-8f15-ac8997e75212,Kalie,Legrand,TX
ab6a04e9-3bc8-42aa-9d59-6244fee356b8,Ileana,Iglesia,ID
1db9d976-f65d-4618-9c63-472f6ff3c62a,Grier,Wiltshier,KS
353e6249-657f-4491-9eda-acf727c27167,Herbert,Pyser,SC
90bfac5d-8253-48bc-b274-d7407e9ef87b,Tiffani,Hazelgreave,CT
988ce42d-5f7a-48e9-ab1e-7a1ddacd8049,Vally,Garrad,CO
0c2f3c2e-0106-4f9c-b715-69900ea8b54a,Merv,Georgiev,VA
aa8e5119-3dc1-4f17-a6ab-3034007edf6e,Aretha,Pedrielli,FL
d652950c-e3a0-4e3c-b906-73ba5da5291f,Wesley,Marvin,DC
dd935aaa-0b9a-433e-ae24-c6f9c501f685,Lucius,Ahmad,SD
b5c705e0-7401-4417-ae86-46f81be8b531,Kirbee,Amner,SC
90f110bf-1242-4945-96bf-cb713c878d7d,Clari,Brickwood,VA
68739ee5-9db6-4294-bf18-f0b3ea0f6b1d,Alexis,Labbet,LA
3a7688f2-9d73-424c-98b9-91fea94dfc77,Clay,Blagdon,CA
b3b25bcf-5139-4ad9-bbb6-49281075f4f7,Georgiana,Daviot,VA
3b3ba2f5-f5e1-468c-a03e-c0d1d3cba3b9,Justen,Campsall,VA
c6c7b46e-ab1d-423c-bd2d-c921f0b8de94,Carling,Kopfen,NY
2420158d-674d-47d7-a4b3-dcc277f813d5,Grete,McAuley,OH
acdc1f17-1924-45d5-b9f1-1fbfe7127fe9,Jinny,Karpenko,NM
f3db37b1-47f1-4646-8976-8d5250bc28c1,Engelbert,Yve,FL
fb037917-246c-4cdb-85c7-9115c6ba72a3,Gillan,Crowche,WV
2757aaa4-87af-439c-8b6c-d6a96bef1943,Christian,Ballefant,TX
f754164f-e5d7-4672-a3be-f225f83a6d51,Carny,Kingscote,MA
08af21b6-d41f-483d-ab8c-8d6d336c79dd,Rosita,Swadden,MS
86ca09d6-7e97-4d57-94ba-302a62ad2c7a,Georas,Skippen,DC
7a664e3c-ad00-4eb8-a710-a30eb3f974ec,Juan,Blackwood,MD
e083276d-bed7-40f7-a889-ceeee0e3363e,D'arcy,Korejs,AL
eace3db9-fda0-46a8-b898-c72f8237ec5e,Cordula,Petrolli,GA
1f910d16-dfee-45c1-8b4c-1db0dcedc544,Rubie,Perryn,OR
624849ba-f0a2-44a4-a4e6-6a78708c9b27,Taddeusz,McKag,TX
5e1f6f8e-3d01-46fb-b42b-839374387876,Dalt,Leadbeater,ID
e3e87faa-fb70-4cb6-9b09-0760cdb911ed,Roland,Freshwater,AL
6b9c6fee-2814-4c7c-a22d-d337be55efd3,Ashlan,Wehden,NY
68eaa13f-a1e7-44ac-9533-155f9426f70b,Joye,Levesque,WA
c19cf7eb-8772-4a4e-85a5-9f6a0024bcb1,Etan,Mabon,TN
769debdb-0dd7-46cb-879e-30afd559ace4,Elsbeth,Petzolt,AZ
ad25db7f-3607-4071-9bcd-234ae78c1537,Griselda,Franzolini,LA
75578e78-c02b-4f85-b66d-07aac3207fe8,Hayyim,Moscrop,NV
0070f772-0462-42d7-9e0a-ce94ad65e2e2,Karolina,Backhurst,VA
13380216-1d8d-49e3-9da2-ef58a2025cb1,Jacquelin,Willers,DE
bdedcdf9-407f-4ff1-9416-1d84658e1fed,Lindsey,Coots,FL
bc8c2e46-f9f4-43bc-80d8-44caede856d7,Lesya,O'Dougherty,NY
12a6b160-60ed-444e-9101-2c9de2876165,Abie,Thaller,NY
7d218efa-8955-4178-b5d0-69fb135e6c59,Prisca,Watt,AL
f525f4cb-7324-4eda-b653-2593be670c94,Parnell,Boissier,IA
ff1dbe34-1f4d-4df0-9f4e-a6e3afe40471,Trix,Rizzardo,AZ
bf83ad10-668d-4c8a-ac12-bf37cade8bfc,Artus,Baselio,VA
2dc413e9-ba36-410e-95fc-d7574c85f835,Ingmar,Anthes,AZ
345d629b-56d1-4c8c-af26-722e8decbc92,Manon,Reidie,CA
f9980371-d54d-4787-a128-ab0b6f24f76a,Bobbi,Trulock,MT
e5ea0e34-07fe-4e46-bda8-3384fc71b95a,Rosmunda,Grix,TN
caa118f2-cd37-4912-af92-6a6e103403d6,Henry,Chalker,LA
6096101e-3c49-4b86-b082-0669e9cf424c,Erminia,Whithorn,OK
fc74f806-c481-454e-908c-4738afbe0bd9,Myrlene,Calverd,WA
bf24200b-3b80-4657-bccc-791f9395ef7d,Odie,Roskams,OK
6b0aea7c-0593-443d-9442-60dfb8ee826b,Cyril,Grassick,TX
fc418046-5ccc-40b3-bf62-3071a2ba09fb,Moishe,Hardisty,WI
0c918080-4c4b-4e84-a720-bc88d2b57865,Tanhya,Jirzik,TX
0884a4f3-8296-4e67-8999-b35e9ca3cbc7,Beverly,Plevey,MI
1dd77480-7a5d-4ba1-a5b6-21a124982a85,Joellen,Mc Gorley,WI
31f31849-e484-4da6-b9f6-574e90977c84,Lilla,Saundercock,PA
47868095-cdbb-4f08-9a89-38081c0977c9,Georgeanna,Shayes,VA
37b95d9a-8caa-4272-a6d5-3b65639f66d0,Chantal,O'Mahoney,IL
e934c91b-cc65-4bee-bb33-790fe79d02db,Dominga,Baldacchino,NC
8a1f73ac-fbe8-4d15-9ad5-e8d5749952bb,Berta,Cornely,MD
4efe6cd8-65fa-4e26-bac5-37f9ac24caea,Huntington,Hobbema,AK
f7744523-2cac-491e-b1db-82b9e998cdcf,Fancy,Meadowcroft,KY
427095cf-8b12-4bbb-a5c3-712f1d42bcb0,Giulia,Fillon,OR
1ed3646e-b530-4287-baef-9934d0839a2d,My,Romanet,PA
7c6e38cf-219d-4a84-8bb0-3e046229ba19,Stefanie,Pancost,NV
76dca3f3-d4c0-4db8-ac57-16a5fd4c2abb,Marissa,Garrettson,CO
eb4430eb-f449-49ab-a986-88e0a0433fbb,James,Trippitt,CA
93c4ac15-8add-4d53-8dc9-ee0f03234530,Lenci,Leake,TX
1ae47ffc-7cd4-4ded-8245-0b44e67d99fa,Marjy,Lambswood,LA
dd819269-69ee-41f4-a930-f0002946a741,Cristi,Trewhitt,PA
f5fdabf0-3a44-431e-afef-32719e9c4d78,Elayne,Meeland,NY
53bdfd1c-a105-4857-9969-ae511b7b3093,Jackie,Parysowna,WA
84f13483-e2f0-4c38-b727-f48276502ac6,Blithe,Woodcroft,TX
3b0fe533-8cce-4b63-937e-88201c39b3b3,Honor,Bedbury,VA
663a289d-3ce6-4597-809b-50719d1fde33,Arel,Carvell,CA
72511027-4fdb-4c5e-91b8-3e919238c30d,Clemens,Cristofol,DC
826ed267-a8ac-46b5-aca4-9a7f95f1e3ca,Conny,Meeus,PA
05e0e5f8-1c3e-4ae1-8e5f-9980af99fbc5,Dav,Cure,NY
8d365cf0-09a2-41f0-8755-f1dc1ab1958e,Abbot,Wishkar,TX
23a3e6cc-56c8-4f97-b7b0-11d5d1f1d2a8,Mehetabel,Prozescky,CA
fdf670ef-65dc-4920-a8ec-e0a49c4b2ff1,Selig,Ziem,PA
552d082f-31df-4335-9e1b-c33fce8703a5,Corby,MattiCCI,TX
3725d25d-c8c4-415b-b1a8-c4480102ea65,Bibbie,Joselin,MO
21e4f324-a240-4b3b-880c-6a63de686f0b,Willyt,Warrick,AZ
c4e1e2f3-1895-4452-aa0a-b541a37f6e0c,Davidson,Harkin,WY
41e56a3c-0f36-463f-9b08-c3d053ead558,Normie,Mockett,PA
ff541412-b930-41c9-8abb-ddbfd6e44689,Imogen,Beevor,AL
455f815d-9a55-4dd4-8e51-caea66f7f5c6,Flin,Kenryd,ID
43fa899f-d0ba-4d81-92e5-03eeae046b12,Allis,Whitesel,TX
5f976372-c48d-42a4-a55e-a8f4f08bb566,Trina,Limpenny,TX
cbdb830e-15ed-488b-8b2a-c0e9a5d2af3a,Karly,Willowby,VA
b51f9270-10a1-47d1-9166-6152e3e26fde,Berty,Briers,TX
795bdeb3-37ce-4f86-8ad1-ece1000d9626,Zsazsa,Hyrons,NY
4ad58736-d8b8-4b9a-99d5-4a7c2cfd98ff,Cami,Sorsbie,OR
826c1b9c-88d0-4f94-950a-ac20740eb2e6,Minor,Pryn,TX
8dd0fb88-be33-4a65-961e-b1deac8f2daa,Ermanno,Musk,FL
c3d217e7-8bba-42dd-b55f-86b0c54d6d87,Gustaf,Busswell,ID
ac60283a-0f7e-4909-8db6-e6db919ed7d5,Padriac,Bour,ND
df1da132-de8c-4fac-9567-14ab38f1070d,Gavrielle,Lovel,SC
9cd2a2c7-6ab1-444e-9814-1c6ac9a442e1,Larry,Topling,CO
20d1ef19-8ca1-4b19-9f7e-0319be0319c0,Ignazio,Cholmondeley,CA
7d24718c-3803-4295-bd5b-ec26fc734cb7,Albertine,Graddell,CA
c9375f50-f3df-4bb9-96e0-4606f1a294cb,Herbert,Kingham,FL
35c0e71b-602f-4916-a188-d7fccfc3f21d,Nelie,Haseldine,DC
327069d2-abe2-45e7-b5f9-9cc6b01e9a07,Lissi,Vickerman,MN
7e794136-066f-46fd-8931-73cf8d7bb4da,Cello,Cron,LA
860f7fe9-74cb-4198-969b-ea5ffa851d29,Marsiella,Liddle,DC
9faefcea-d7e6-4e51-af02-66be489dfd34,Barrett,Jowitt,PA
b25470ab-865e-4b15-aa01-5400a1e97c0b,Ricardo,Collis,FL
64ca956d-027c-435c-9af2-3761aa235963,Ryann,Bateup,IA
e1d64978-c96d-4233-9be7-600a55e143f4,Skipper,Trimble,CA
0ebb0f63-5cea-49f2-98db-a73797c9aa54,Genni,Alphege,AZ
77dfbe8d-e2da-42dc-a1eb-9dcb7ebc76c1,Bev,Kleinhandler,VA
8fdff2fd-6636-4fbd-be50-2a02a3acf371,Patrizio,Laboune,TX
62737777-8460-4e47-804d-bee621c3b451,Luce,Edeson,TN
4f51a212-9c87-4218-b072-cf52700f7414,Dyan,Stonhewer,LA
d3c1fbc4-a224-4971-98b7-521e2730ecbe,Phylys,Bristoe,GA
fd0dd029-5141-4e8e-b936-483a62ac0b44,Meggi,Abramovic,CA
37ef440b-1f7e-4e3d-87e3-5df69d9d4ba7,Parry,Lyddyard,CA
a9c1fb67-ead3-4eaf-9c58-c52f409c0709,Godfree,McClean,NY
b9cba741-95c1-4410-af18-084180a0d93d,Winthrop,Murch,SD
201cbc38-4075-499a-b379-2424b4ba93a6,Karon,Gomby,CA
4508f1b2-88e7-4522-9d6a-016f966250a1,Rosette,Kestle,WA
7474ba68-2ae3-4a57-beb7-60f8bd97291d,Krishnah,Le Fleming,MO
8ef00eab-ab28-4f7c-9488-1f04eba3a941,Gladys,Macbeth,IL
f920732c-2f44-4351-b3fa-ee6357de57dd,Allistir,Rainsdon,IL
533c6127-9177-4dcf-a63f-dd43e1bb270a,Maighdiln,Friend,TX
c56cba34-2b25-41cb-9dd8-c5e6ae3a88b0,Carlotta,McKendry,FL
31bc851c-2d98-44aa-8914-5110690aa49d,Mike,Clipston,TN
7be1923b-63f2-4550-9059-7ea044decdf8,Alasteir,Athelstan,OH
497e0a37-2fae-407a-9ce7-643cdce488a0,Reynold,Sheavills,WI
aa33772e-5baf-469d-9b6f-39fd9f35015c,Ritchie,Sibyllina,AZ
c2e8d281-9602-4840-8773-bdeea3ba0fd6,Gibb,Gocher,MA
755c8139-9062-49e5-a0ed-ec7e92b00b71,Shae,Jordan,IL
17e254a3-bfe8-4310-9388-67e17f97ae74,Katee,Ginley,NV
37e8e977-1752-44b8-8fdd-b211e9a4dbd4,Kris,Pendrigh,FL
0e73a542-c24f-4d36-8c17-d8d81607a560,Felice,Mattam,AZ
2903ca63-350f-4b97-97e0-50d758f92eee,Alena,Satterfitt,MO
7a8d74fb-2397-47f5-9aeb-1b83c238ec80,Charlotta,Ginie,MT
8705e42a-4984-4711-9e88-2dbdf519681a,Guthry,Hankins,SC
ca518394-f9dc-40a4-86ea-fb869f7cdbb0,Maribeth,Lavalde,NV
4c34aa51-27ed-457b-9ba5-5d3d14e5c786,Janetta,Gittens,NM
1f153b1d-cbd4-45d0-85a8-662afbe1e156,Durward,Bagg,CA
d3676537-0b05-4329-9f5e-e69792c95111,Cathyleen,Spiby,WA
f8cb1773-383a-4fae-a29a-1c1bde2282aa,Nate,Braycotton,VA
37fcef90-6d8a-4716-ad1a-ec290f32b4ac,Karyn,Jacobowits,NV
c2435e5c-5c30-47b7-9e31-b5d4f3a59b6e,Nathalia,Trimbey,OH
2e8bc18e-4f32-494d-a35a-a04bcbd417c2,Perrine,Liddyard,TN
d1cc5eb4-ebdb-4f25-9323-8446cadc2b90,Malinde,Holburn,IL
67b99891-cf92-4c5a-b159-c08feaf6a3f7,Yolanthe,Cases,DC
92d74652-27f4-43b1-ace1-6a7895af47ce,Mathilde,Darlison,OH
e194f157-e2a3-4c29-b291-5c53cb213d87,Lib,Verdy,DC
e5abf7d3-0f4e-4b8a-8bef-505ed388634b,Mateo,Conibeer,DC
4ace4388-4fd2-464c-bcfb-3aac9a286e53,Otes,Kinson,OH
c67f6fb9-c36f-4a9a-9ea4-9a89984f2697,Pepe,Fragino,KS
0df837db-76c1-4912-ba99-1264761205a2,Jeffie,Calan,TX
7912d1ea-2b01-4984-a0ac-e26bcc161d42,Deeann,Saxton,KS
ff9d7931-be07-4755-a349-08d8ceebb9af,Ainsley,Hovert,CA
daba2a0d-41ea-4be2-b7f6-9f3649a48477,Virgina,Curedell,NV
db94aa42-ac3f-4ddf-9c75-0a3e8d765de4,Nanette,Birkmyre,LA
a4f40150-089f-4f65-837d-86254d556992,Henri,Farnfield,MN
64ac8334-e30f-439b-99e8-ac54d33e2b83,Henrieta,Raeburn,FL
57e723d2-91f4-4c92-be30-6d8555674a6d,Amalea,Weekes,TN
278e7327-f38e-4bbc-8c30-becbb5d4aa53,Marget,Duffan,FL
502d0791-9209-4af4-b602-0d5d6ff71732,Daphna,Forestel,PA
b8c4f696-db75-4bc8-8c23-a5ba9b4983ea,Rea,Wessel,MN
bd7d8d62-f199-41d4-8d7f-97320b1fc1f0,Kikelia,Stow,FL
a1c13b1a-f594-4bd5-9ab8-84378a82407a,Lurette,McIntosh,FL
aa35a6eb-eea2-4050-87b5-2c66c0dbe185,Braden,Hissett,WI
2fbcb5cf-f612-4495-a354-e33b161cca8f,Corie,Hospital,DC
1a2c10f1-c16e-47da-b7aa-e92ba236d8ff,Marietta,Klimsch,FL
b4276324-8dc7-474b-a3a8-7536bfa7a326,Tarrah,Rasch,IL
f6239873-c61a-48b5-a4a6-fe2aa510f568,Yankee,Headon,TX
062f06ad-601d-4a4e-9c2a-78650c731d5f,Charmane,Lukasik,TX
2f813385-2de2-4334-b361-74692c6962b9,Nap,Ough,CA
50c06548-f5f0-4bbc-8f5b-d2310dc9c053,Pierrette,Kaysor,MA
88a8cc70-99e4-4024-8247-77ad8968705b,Cammy,Muckeen,MN
bde9c742-0f51-44af-a130-e3912da7a226,Giuseppe,Capstaff,CA
b49e52ca-07c1-416e-9fd7-0ba1082df034,Kizzee,Washbrook,AZ
9930760a-da47-4bf4-b7db-889341431822,Ardelia,Hugett,TX
17394ebd-971d-43b2-88bd-b7fccbd23051,Orran,Tonks,FL
657aedfd-2d55-4a20-94b7-74daf3ca40c3,Jordain,Blinckhorne,TX
e2e5f78a-22ac-46a3-8d6f-77bb84345144,Leone,Dowda,TX
0c863587-a1a1-4a82-b138-26e4ef767baf,Burty,Klewer,NC
3e236f0a-2e6f-4f81-b4fa-70547be8450b,Henry,Wedderburn,TX
833f80ad-2ff4-4acf-ae1c-4785713f6dcc,Delia,Currum,MN
1a1246bc-cff7-46f7-a611-86d0f30f9a77,Bernette,Wivell,AZ
aaf63abc-bc9b-40be-84c5-df41c7905488,Betti,Brookfield,AZ
bef5bfe1-5fc9-4a55-a270-80a379346878,Reginald,Ewen,CO
362ff1f9-a5b9-4e57-bf75-079464f17902,Gert,Harries,WV
a4538c15-173a-4d97-953e-506756c13cfb,Robinet,Kerfod,FL
d23103be-a0e0-403a-a777-f910899a67ae,Marcus,Slym,NV
877c56a1-5127-40f6-a593-ec1eaedac1e5,Jemie,Ritchard,OH
1b2ba5a4-5c05-4d70-ac2a-7586c42d465a,Lisle,Martinovic,MI
69c1fdad-f950-493a-93c8-47d5690bdbef,Jaine,Tunnadine,MS
ee7bbf5c-68ef-4eb4-9462-5b73b6472678,Ardath,Gittose,OR
8fc53c3a-f498-40ed-aa45-aa339856bb72,Tadio,Pymar,AZ
ab1365f5-53ed-4622-97f8-baa8c98cdda8,Rafaello,Schanke,PA
fe89ecae-4687-4f8e-9657-ea398be99808,Filippo,Farnhill,NE
f3be6827-8cd7-4880-a767-ad915785e4de,Nobie,Thorp,MA
e811016b-94b8-4748-a39c-28bcb67dcdb0,Cammy,Hallewell,NY
235f4147-4faa-401c-b041-a7db13fad860,Ced,Lacotte,GA
1bc65cdb-a321-48c1-b4c9-717d14e049c9,Bard,Luthwood,VA
c26fc56b-8fed-4cee-bcc0-bdcd0c62226e,Margeaux,Crabtree,NY
02edb29e-2d40-42db-bf49-95620f2a2336,Karlotta,Raywood,IN
962f5874-02a3-446f-b64d-9ae4a3298807,Peta,Emsley,FL
86de9b2c-163b-49f7-84c5-99bdeafaa4d5,Dosi,Ayrton,CA
ab7e6bd6-35ae-4bc1-a314-ee019e237b4c,Donni,Andriulis,FL
e2df2d73-08d8-436a-84e6-aaebe3908187,Wenonah,Whittier,KY
362be4b9-f8d2-4429-b895-0195a3d4ac2d,Nanni,Neasham,MN
a94803e1-3bf1-415f-af59-9c87e580213a,Lori,McCrory,NY
86631172-cb15-441e-ba6f-dfb3d9fdb0b3,Wilhelm,Prewett,NC
ca41cf5e-00db-4866-979c-e0504ab5e3ec,Kandace,Trevenu,DC
44aa617f-7840-4297-a961-2c32dda7fe14,Lina,Klesel,TX
c121ac4f-cf0a-41d4-9228-bfbbc881eaf1,Timotheus,Szubert,NJ
a3d6e8d5-2c21-4849-893c-e2d8b8f01a84,Korie,Rudland,NV
e97ecd5d-3b7e-48ed-9e13-aeeac3d18f20,Edlin,McNeilley,IL
7f0c3e06-9369-42ee-a0d2-6273da1d30b0,Janeva,Jandel,TX
e97b4ce1-e71f-4161-8e17-652976cf2de0,Vernen,Perford,NC
d09b5354-9ec0-4d2f-a0cf-2cb5122e9a63,Zack,Kornyshev,OH
d2f39aef-c25e-4881-ba23-bf7cc39e105b,Carola,Drews,CA
b3e85bc1-b868-4267-a225-eea000585f1c,Darla,Paggitt,MA
b02e85f4-cbdc-48ab-a208-72ab59a63735,Vaclav,Adney,NC
30a8f50d-ed8b-45f7-9c3a-239a836373ab,Raquel,Giacobbo,LA
c6c0c340-43ed-4133-b07f-eeb0722e89c8,Willamina,Fernley,LA
b96d6932-f5a7-40b8-a1d8-bc9d40213ca9,Silvana,Vasyaev,UT
bae3fe93-a2a5-451c-8bf8-dae106fa674f,Lari,Spurrior,SC
3e3b0ed1-ba41-4ba3-b07d-389cb7a90a74,Dido,Gulliford,CA
afe5bf47-b08a-4e62-a19f-18773d7407a8,Pearl,Thompstone,CA
b4623506-3139-4f59-84e3-bfa29b2e89cd,Annalee,Pass,MI
37692551-068b-4871-8dac-7277ed4b99f2,Brenna,Ritchie,OH
3ea4f79e-dcfa-4b13-9a76-8b4c7dd8aa21,Natal,Yushin,WI
c1f11449-5657-4e6e-942b-634df82e5510,Udale,Swindell,FL
e2e25374-b614-434c-b19f-a15bdcd1a2dc,Jonell,Tittershill,TX
06a263a4-1350-4106-827e-076ad63f4a57,Patton,Brockton,OK
104d78bb-ceee-4ac2-a763-73d46012bcc0,Kerrie,Peterson,TX
67068031-ff46-40eb-b664-b8b4de710272,Wadsworth,Pesik,CA
6fc9fe72-1a9e-45e8-a126-3fa5d6def2cb,Jackie,Eiler,GA
7edd51e8-4dc5-4032-8a9a-04f2b1f2454b,Isabella,Miroy,OR
5e0aa1f4-3443-444d-aa57-fcdb5e4c4f27,Farrand,Andreotti,MO
ea871f5c-82b6-4e51-9f71-4e009188abf1,Nicole,Amberger,KS
fe245ae7-969b-4da6-a700-4f61619818f8,Lilia,Dalglish,AL
43c8bd9b-b8fe-49ec-9f6f-67c93c8a9991,Stan,Triggol,TN
d38e9c0c-c918-42c3-b834-0d2745eaefed,Patrice,Visick,IN
597b42ff-5bbd-47ae-a4cc-6b66b14dd25a,Chloe,Cardow,AR
05917f76-e752-470b-a369-0f70ea3d84dc,Damara,Ghidotti,OH
f04fa212-a539-4ffe-ae97-f9ac40351359,Mateo,Extil,TX
1f1a502e-d346-40b9-a689-ecfc8f72e0ab,Cordula,Chansonnau,TX
8a7985d2-cb8f-4605-a206-d396ed85bc94,Napoleon,Luigi,FL
30046756-951d-4eec-abe1-ad086a196e77,Palmer,Hentzeler,PA
f1bd9d61-3b38-4ce8-80c4-88e324b3f260,Lynda,Bains,OH
e72a43aa-b73f-463b-a2be-fd2646b15fa9,Hort,Van Zon,LA
2193c644-198f-4164-8b01-09d94571df5b,Ryun,Quant,TX
29d7264f-527f-4c53-9f83-b6fc5ede3810,Malorie,Matton,TX
e347bbdc-3c8a-424a-8c84-25a5fbcf2cf5,Claudian,Dignon,FL
58ec5abb-2979-4d1c-a4e8-f4b076772acd,Kailey,McGinnis,VA
e9dcee40-adac-4b80-a66f-b6eb090a33c5,Feodor,Utridge,CA
a1aa405a-019d-4d17-afae-76b8e159630f,Gregor,Jerok,CA
4924a7ae-b5c5-4ff3-9025-449c3bca0f48,Sonia,Seamer,KS
f607e64a-5998-4161-bb8f-ebd532083d00,Gris,But,FL
16fffc8e-19d3-4bf5-a8ce-088f7f5a9f8c,Brandtr,Affron,GA
4cf5f226-1e25-4fa5-9bfd-4249db8c1528,Franzen,Bohman,NY
beca86bf-97fc-4601-87cd-297e67adabb8,Suzy,Rapp,GA
f0fa35af-d563-4858-acfe-2b1a2e76008f,Vale,Dries,FL
01b1ee3e-1835-4719-93d1-533a7b50fb22,Blaine,Prugel,NM
fe37b07c-d21b-48b2-b331-82a6ae4c6384,Ines,Couling,CA
e1f28a40-3bb8-4957-9e7e-1613ae8c71bb,Feliks,Darrigone,HI
2b43f4b3-f21d-4bd2-a812-616e0c1f8924,Chauncey,Burth,TX
39eec589-763c-4768-bc26-920e0a20f9fb,Jacklyn,Bootherstone,CA
a0d34d4e-02c8-47e7-ab32-51de589d1d03,Eugine,Street,NY
03b9a2d7-c6af-484c-a2f4-dbbf0acb2d1e,Lissa,Hartshorne,MN
9e07ef47-7749-4413-8baf-be1310062f63,Antonella,Alfonsetto,OH
4be51cad-b1fb-42be-b596-03c144857d76,Jacynth,Tinmouth,TX
f28b9d94-dc70-4191-aa87-6908d4fb24a1,Perry,Senchenko,IN
77858177-1c21-416b-b39e-ea19f0a54577,Margareta,Tew,FL
f40c5b4c-13dd-48d4-b03f-ff7ad062c0a6,Maryjo,Beardwell,GA
2f9a3c88-836a-45cc-95af-f6740c2ba68f,Raynard,Wheowall,DE
29cc14e2-159e-48bf-905c-912f4678c0c3,Brandon,Zahor,MO
c7dd149d-71ad-43e1-87f8-6cdf79cf10ca,Alfie,Roskilly,OH
3340c418-1617-438f-9923-d888f00b816e,Delbert,Whiteway,NC
d10da1be-566d-40d7-af44-2322f70fc576,Sibilla,Leathem,MO
156f7bf0-0ff0-46ba-98e2-6cc4d60b6433,Daren,Coatsworth,AZ
b83edbc7-c01f-482d-bdbc-5ff1ed2e9856,Perrine,Kitchenham,NY
e5d7ad3e-8181-4705-b624-b7695d3515de,Jeth,Capron,NY
472b8079-e818-46c4-aacd-3ffbc07776e0,Lettie,Whorlton,TX
3ff6aa1b-c9c2-4d1d-bc2d-47027f284d6b,Adlai,Rothschild,CO
36b57722-272b-4c47-9b90-1baa03f76441,Roobbie,Chasmor,TN
27bd23b6-867e-497a-9c84-e3266abb40d7,Bear,Eastman,MI
2f9844ff-fbce-4d05-b92e-ca5cb7c6f6d5,Abbey,Gagen,CA
13b1a273-277c-4d29-89e3-29d90cb17980,Holly,Blackwell,IL
1fee40e2-44a2-4c08-bdaa-ab935123686a,Lisa,Rolles,TX
9e2fe99d-f667-459c-9c59-e79895b732df,Anders,Hassall,GA
4bbe969e-953f-45b3-abb1-474957a6c948,Zarla,Adamiec,GA
89b689bf-9a29-4b81-ada0-9bbaa59493d5,Dorene,Gresswell,ID
638f73f6-be08-4fc2-bb30-89c7667d7749,Derwin,Whibley,CA
f90a10b3-6ada-4dc9-981d-07adb4d9524e,Tyler,Klug,GA
76a75205-ddc6-47e6-897b-7f14ec3afc41,Camilla,Lawday,MS
b3a39202-33f0-4ac0-80c0-a6081a192d63,Trude,Peaurt,MI
df451597-bb42-4703-a25f-48655158f1cd,Wendy,Showell,OR
4367e23f-fade-41bc-a60f-537ac98b36f8,Elyn,Grainge,NY
8925c8ae-a5ea-4121-ad8e-95d99e4b31df,Concettina,Bridel,OH
8c80febd-257e-4886-abcb-48ed3afc71ab,Lucy,Doy,OR
36934c51-df53-4b9d-a7c0-be83c5370e52,Libby,Sammon,DC
2abaeb20-dd67-491a-a4f1-067ccecf5955,Miranda,Widmoor,IN
ede440a5-eb74-4481-80e7-a719b77c175b,Morie,Botton,CA
24c227f4-0445-412b-8ebb-91bf0e94e6b4,Bunny,Storrah,WV
388eda20-17e8-4f41-870b-c2daf4ee136c,Gustavus,Langtree,CO
efe51825-eedd-4900-9c16-cbe8f13e6987,Julietta,Van der Son,MI
4fd5f77f-ebd6-458e-aa6f-0e488fa23790,Tirrell,Cambden,TX
31d8b90c-d6af-4eef-aeb8-7d03fc12c695,Dasie,Folcarelli,CA
eb8f36aa-a278-4708-af2d-477a0c416179,Morly,Gymblett,VA
1400fa12-7fc6-43cc-b3e9-c019ec12a088,Nola,Wernham,AK
545fd51b-b89e-48fc-8f23-3fb526db4bb5,Brok,Wesley,TX
0a408680-4f06-4709-b908-35772162ec85,Kathie,Dunhill,CA
b003c917-6671-4bc4-847d-2051b735f8ec,Gertrude,Caen,CO
33fa6be0-368a-449c-bf7c-884053819076,Nels,Mackley,KS
4b8e03e3-8d76-4807-92a9-7f156c7b31a3,Gareth,Garmons,FL
72df809e-37a1-4742-8f12-1806dd19b146,Juliann,Daish,PA
0e3758fb-8539-4e20-8491-99a0a38c445c,Baxy,Tight,UT
e39b7fa9-29c5-4b3e-a37e-4cf02d9dbdb7,Sheela,Troctor,CA
1b8692e8-f2b9-48ba-a24a-10c96eb25b6f,Kaila,Crookall,NY
84c73a18-779a-4ac8-bd23-d9cbee2904fb,Carey,Larmouth,NY
e1b33038-c9d9-443e-b0b5-987e9abb6807,Randa,Tallman,WA
48128218-6fa3-4647-9907-1ad438ae4394,Pammie,Cawker,NY
a03edcf4-76c9-4e90-92be-7a00f4755e1e,Minerva,Antoni,MD
afd2ae37-abaf-4a4b-a113-d3778512733a,Yulma,MacCourt,MD
685ac51a-207c-4436-b533-b0fd98d03e17,Dana,Uren,IL
aa8dc3e1-b87d-4fea-8553-e5c8486e8eed,Benedikt,Gameson,NM
931c57fb-cd96-4932-9777-18ee9eb84456,Florie,Charlick,VA
9d567bd7-40dc-4c8f-b509-078136e93ca9,Kimbra,Djakovic,IN
5424d1e5-1139-47d8-bc19-3579e7d90f4a,Arleta,Grady,OR
2ad05be6-0816-4063-be54-724ce2e04455,Crissy,Alcorn,MD
726c4aac-f4c4-44b4-afaa-752e13b6744c,Ravid,Lyokhin,AL
f70792e6-50aa-4b68-87f9-051db38798fe,Yorke,Scardifield,CA
05ae5ec3-3ce9-4fe8-9188-5fc4f13bae4a,Camila,Fosdike,OH
d231864b-f8ec-434e-97cf-0d8ab2a85e2f,Carlos,Brunskill,PA
2c0d8ab2-99d6-42cc-8a72-91d86fd796b6,Aubrie,Kenningham,CA
553c3132-7b77-4c03-a773-2f1c21689466,Maia,Madge,CA
5bffe140-6d82-4227-a1e8-359913915ccb,Viole,Libero,TX
2a1b666a-d9b2-4fd0-a32e-0a9af00df0d9,Dorrie,Fremantle,AZ
ffdb0526-b553-4e95-9453-f8fcd0f1fc34,Ianthe,Devote,NV
6c217967-870d-487b-b94f-375683d557ea,Muriel,Woodfin,TX
390f6521-3e28-4a54-b00b-e8ea07c66710,Carly,Westcar,WI
8c1b3f19-33c9-4e97-afab-0c40f6ce321f,Lea,Edginton,MT
cd5334f1-58c1-47dd-ad85-e858aed8f93b,Gwyneth,Wiggington,KS
e81cddf7-5bba-4504-a7b3-6ba29b2b6cdb,Carlynn,Jouen,VA
0f2d9f45-f6cc-49b2-8aa9-cd4540c10c15,Beverly,Panichelli,MI
db9ff0c9-8682-4020-aa19-f5b07de08e0f,Silvan,Tournay,TX
052433b4-8837-4214-b5e2-bc78c911c6c5,Dimitri,Ridges,FL
0055fed8-17c3-4d0f-9a36-fe5d0ba9dd44,Marten,Phillcox,TX
e2a75c95-a2b1-4ecc-bfda-f327728c972b,Sergeant,Thackray,IN
dbdaa7b6-caf0-4fc1-bb29-d6c942797524,Ethyl,Lange,CT
41059b98-4d60-4525-9326-364c3badd1a4,Darnall,Thomesson,CT
b03474d9-e867-4746-8c15-572076244b42,Tiphany,Stevani,AL
7f7baefc-6f1b-4122-8048-ebdb64c63d6c,Vonny,Freed,WA
e9537014-19b5-4808-b374-e84717f61502,Tadeas,Colenutt,TN
79e83fb1-397e-48ac-bf2d-a0b9e6f3b3a7,Jemmy,Glennard,CA
731d7b37-227e-419c-af77-4d359605c104,Bernette,Moryson,FL
f6747a79-346c-4fff-9018-cb1ff0b11b28,Adelaida,Tumasian,VA
2ebe4ef7-a476-42df-835c-42436d95a8cb,Niki,O' Molan,TX
043a6a9b-a02c-4c9e-b385-262e64fc34c6,Harmonia,Cavanagh,TN
53e834ce-c0b8-486c-8f3a-5184117b97f7,Ronda,Garrett,PA
c8d5782a-7d15-4fe2-b069-201f0ceede0a,Drew,Chesterman,MD
a2ac0414-9ee8-4e47-99d6-c7f9e6caeca3,Nariko,Clow,CA
e6b90ffc-c28a-4b4b-b14d-0d0a3e7b4fb2,Thatcher,Bissatt,TX
22f8f917-9697-48de-994c-a82bd5a8c778,Jerad,Tomaszczyk,TX
a9fd6237-d486-4ec5-91bc-f7337404f59c,Tallulah,Defond,VA
cf31b3f9-9246-4c10-851e-3555bc57666c,Diego,Gages,CA
683de358-17e9-452d-8e5c-1281aba6c7af,Chantal,Scrine,LA
f0c8ea43-edb1-4892-8421-b383e99d6a4d,Lara,Bakeup,TX
db0e8971-5794-41b6-bd88-6a05607bd586,Heath,Anfrey,CT
1e684c77-8015-477a-80d4-ec8be046d5a9,Ozzie,Rayworth,FL
f5be0386-9b3c-42e4-83e8-12c3fda389a0,Leupold,Park,IN
8cb0201f-348c-477d-aa9a-b3ea0fe5583c,Alanna,Matveichev,IN
c234d45d-1f03-46b2-b17b-cd8159c9ec24,Modesta,Menloe,GA
77133261-e856-4e52-997b-db754ea99848,Vilma,Learmonth,FL
be159ecc-97d1-4019-89f2-880ff5accf16,Fielding,Braven,TX
ec2bc632-15e6-4a12-86eb-90da39a5874e,Ardine,Spenclay,GA
1cc9d7d5-c530-4cdc-a4dc-85c93b448906,Ravid,Dews,AZ
ba3ebea1-6d3b-4b31-8e2b-5f74f61e7ebb,Meir,O'Neill,TX
235cc4c8-2134-4a91-99de-809a3d56c882,Gordon,Lewnden,MN
310afd91-794e-4775-82d9-6b23582555ab,Vania,Dimitrescu,FL
589dc1af-da3b-4428-98ce-fdac5b1c6ab9,Jania,ffrench Beytagh,WI
33a9ec29-9e3f-482a-ae75-55e279806133,Joline,Grosvenor,MO
5ef5ad8b-d02f-49be-ae8b-fe64bdd25df3,Fabiano,Behrend,LA
d803ae76-14ab-415e-84d2-33150a903ee1,Wendi,Digby,MN
bf0f3011-c639-4542-a662-0fa103bc3ceb,Alexine,Oughtright,CA
5f894bbf-bd15-401a-86c9-d10840966f40,Marthena,Blaxland,TN
0c8e8c19-0412-47fb-a335-71d2c626dfdd,Kleon,Mill,PA
d7e3827b-c951-4ad3-a402-10a20e56ad63,Shannon,Nusche,IL
1b83e64b-c74a-48c3-b9d3-04702d5e5d02,Izzy,Toffoloni,AK
ed5a3029-0f8f-40e2-9204-ff724f2efa6a,Iseabal,Veart,OH
e7514dd7-40a0-4975-9f99-6196da245ddf,Wylma,Howlett,KY
70e9b083-df36-42b4-82b8-9bfb06423489,Maighdiln,Conre,NY
004f6aac-b96f-4411-867f-792779a329c4,Leela,Perring,FL
c649b4ba-4891-48e6-b99d-ce87092b027c,Chicky,Arrol,IA
128293d0-02d2-48d0-86b7-8e7c60d7f5cb,Teodoor,Bilsford,MT
53b28699-3036-44d1-8d1d-acb82fef353b,Sarena,Alpe,WI
65c1d9d9-d70f-43d5-8240-a9f109d571d9,Lorenza,McKevin,NJ
7e89ef52-daa0-4b46-a603-6e0200f70b3d,Ruggiero,Buglass,FL
7d5e8859-b0df-4c88-bbad-eb8a9328a87a,Erskine,Fairebrother,OH
432c14c7-ff40-4237-8d20-985deb5f17a6,Ninette,Hafner,OK
25fc4bf9-c593-427c-90b3-f8f628e412b8,Jocelyn,Prothero,PA
3f0a0b76-6dbd-48f8-b4a7-75e35c280ba4,Alis,Damsell,DC
d3e773d7-bf00-445c-acd4-9f38c72c70be,Jae,Doldon,KS
c262d62e-f46e-4d09-8b35-0ebd2f75882a,Trina,Sleith,OK
bc07931f-9ba1-4fbb-a24a-5338601f6c71,Jess,Dudman,MI
362fd680-2837-442a-bf17-4afb19b05930,Bo,Hymans,DC
d1890cd0-b63c-4325-a0e0-fcdc9001ede2,Esther,Scarre,AL
b1cbdc2a-4a4b-4988-81c7-827c34c5bde0,Red,Gout,NY
b7df982e-67e6-4755-9b3c-d97918893d0a,Gerianne,Panks,AK
53721ced-38c1-485b-87ba-4385c6864f24,Gray,Grzeskowski,CA
34a88083-335e-49b8-9a9d-581b64d3b638,Katharine,Diter,DC
5457efda-c8c5-4bd0-ac4e-9d6980583fdd,Pryce,Fawley,CO
58ccfe1c-57a1-4ff3-8a04-c5acf811356c,Roseline,Alesi,CA
bbde2e78-274f-4920-b571-324d00f52962,Rockwell,Harbord,FL
df3fc33b-1f6b-4b3c-b99b-d1ea95deffe7,Chrysler,Hercules,WA
40d5f814-7178-40ac-a365-3143b7bbd149,Martin,Abbado,TX
17f93f29-a543-4563-986f-da4b9b0982c2,Harriott,Bolderoe,AL
e68cfb7c-e6c5-48e1-af72-cf6a3eee19e8,Emmery,Kidwell,DC
b8f8100e-7110-4e95-8957-3ea9896129c1,Junette,Tidbald,CA
6827c3a7-2b58-4a4b-ae73-858ec431fa05,Warden,Vlach,CA
045d44f0-f19f-4d75-8147-6765d10060b2,Gerti,Humbert,KS
d913000a-cc4d-4f1e-84d9-405ee4cd1fe1,Gussie,Redding,WV
20e938db-4120-4d31-b3f4-9ea10e8d8f62,Norri,Genny,IN
56f54b71-557d-46a6-bdd5-7fdddbb06ac1,Renard,Eversley,CA
81f7e91f-63de-4f59-a7a7-ccde2d3406da,Randee,Really,DC
cb572b89-9b67-4af1-ada7-67f81817cc79,Kasper,Davydzenko,MI
25478e82-dcd3-4afb-873e-b84c3006244b,Onofredo,Sanchez,IN
2b0c937b-f327-4b65-a5f0-03bcec46c578,Lucy,Itzkovwitch,MS
df35d633-c7b2-4de2-beb9-31546acaaa60,Adina,Washtell,CA
0fb6ee46-65c8-4b46-b716-3dc25e2606b2,Kristen,Bullen,TX
5c822e4a-8048-431e-b68e-1d42ea216d9e,Gisele,Pinks,FL
64ced55b-21f9-49dc-9735-4b833b98f0fd,Bastian,Runnett,AL
1ececbad-8dfc-4df5-a1ac-0c341497c7df,Hiram,Pedler,MO
7b290408-86c4-4f00-8dd4-cae7b6ac63bb,Marty,Billson,TX
aab84f87-4a36-4dc8-8c72-013e1bd263a6,Peterus,Addess,LA
dd97c559-9f34-4c79-a769-c1633503b764,Wallas,Mountcastle,VA
40bc0b37-2e1a-46d8-a0b1-f700a3da9d1c,Eadith,Boyat,CA
ef5cd2f5-e0bc-4847-8d9b-88ab7dbf2923,Roshelle,Paskins,WV
fc3d6fe6-3867-45a8-ab9b-d5e235b67bb1,Manfred,Cooper,WA
229abc6f-e9e9-4053-801d-97ef4edcb6b8,Shaylyn,Cuckson,FL
b56a1533-2999-4a04-9986-1be5761905b0,Alphonse,Spry,WV
87ff98d4-484b-4bd6-a5a6-abb8774cdabc,Fabe,Pummell,CA
2137ac88-8e8c-48ab-9360-37874aca467c,Sven,Toping,TN
4eeb4e0c-bb05-44bf-ab05-20b2f569b065,Cinderella,Burwin,HI
a1980d6d-9fb3-4893-8f1f-1700000157b4,Jeromy,Ubsdale,FL
64120016-1a98-41f5-8f2f-3762f9f8dc61,Ewell,Hardiman,WI
648c415c-7f02-4daf-be6e-a069c9a56924,Karlik,Marquess,TX
dfaefa63-d2c3-4050-b4fd-ba1d54e2534f,Gae,Kewley,FL
d8c69e81-e66a-47bd-997a-9ffe22c5f56f,Karlan,Butland,SC
e12611ac-066b-47eb-9f28-1b732a4dddaa,Regen,Thow,CT
8cf34ccc-7795-4312-a22b-48889b687327,Alejandra,Seegar,SC
d0548115-1d50-4106-b8e4-88f9cc8644a1,Benedikta,Proudley,NC
298293c4-c348-4e2d-a5d7-2fa9e581d9da,Sutton,Unwins,WA
e4d36de6-a2f5-47d0-958c-5fd9609d52a9,Ros,Mazzilli,CO
a7d5f53c-2475-4b47-a9f8-d059b22d0909,Denis,Seakin,CO
cf7e078b-36b0-42f2-8936-ba72787694aa,Diannne,Bertholin,DE
d071a8fb-0eef-4a32-9937-c1023e78ba77,Donni,Lockhead,SC
2124cca1-ea98-4f1e-97ce-578db48a7765,Happy,Astling,NH
ea3d3155-368e-4220-a83a-18c13085960c,Leanor,Mallinder,CA
e4195d14-e95d-4f19-be0d-9a44e9502120,Herrick,Weakley,MN
fc4142d8-2b4e-4025-9d4c-0eacd9300841,Avrom,Gladbeck,DC
06c1297c-7116-4d9d-ae6b-b9b2adcd716d,Gretchen,Matzkaitis,FL
cd7ba626-436a-45d4-9ead-dab925dcbf66,Welbie,Tibbetts,OH
9d67eeed-89d9-4dee-b737-aabf75e6ed3b,Petronella,Gowdy,OH
d78d7a33-4331-4e77-8368-642a579b53fd,Rudolph,Liggens,GA
7796c4af-1dda-41f8-ae07-69b8ae8a9710,Fey,Pamplin,VA
f613d220-a4f1-4bf7-b646-d29373592a34,Marc,Dudenie,CA
3c8a3bf6-fa7f-4d59-9d6d-9a039327d724,Chic,Kolis,OR
08607069-c202-4a85-86b4-374ceeaa190c,Roslyn,MacDermand,FL
37edfbdd-4313-4dc2-9809-f2a9309c7317,Archaimbaud,Glanester,SC
9393d5ed-dfe8-483e-8a8e-ad04613a42d6,Kristina,Munnery,VA
56b39ef1-3e1d-4a14-8691-df97d64ac0ed,Gerick,Puve,MN
34ed3c00-f8cd-47b3-aa99-97cbe72e129f,Jobi,Sillwood,FL
52278430-ec18-4f71-a4a0-68ccab3b648e,Patin,Brenard,AZ
d2918ad4-c173-4453-9777-8fd53c4526ef,Dell,Dedham,KS
5c76cc0f-b514-4edd-99de-05c1a0f086bf,Tammy,Filchakov,MS
b46fb68d-0c5d-4035-9247-6914cd1a8278,Frederich,MacKenny,AK
0f828258-9722-439b-b575-2e7f22742315,Letta,Legrice,NC
1c3b4ecf-e0d9-44f2-a7d3-9cd3a9812c48,Drucill,Penvarden,TX
423d06b0-f69f-4e62-bb77-26dffc163675,Perl,Snook,GA
2530fec5-f42d-4ce7-b24a-9764b43f5746,Ravid,Oxborrow,AL
b05964c9-ba66-4ef1-a985-139a9a863a8b,Gayle,Dallender,CA
ef2f0e9b-4ec0-4fcd-b7d7-b8c02cddfaca,Ediva,Shankster,OH
68c6ac65-0b0b-49ba-82b6-a4d9460d7bd8,Mic,Middup,CA
78cc9657-d132-47a1-8318-840e877c9c4c,Elie,Filipczak,IN
467a11eb-576d-43b2-9500-8039fb6494c8,Tito,Schenfisch,LA
5f34e992-8bc7-4a42-b34e-d6239e93a4d7,Natalya,Weall,IN
1aa6b937-4120-4972-91cb-b8c30418530f,Jeremiah,Arnott,FL
4f7d1772-e429-4d93-b0f9-8770185da919,Gwendolyn,Drexel,CA
cc43f360-f64d-4f37-9144-436e7d7dcff1,Townie,Golds,MS
a2bff2dd-2124-4d71-82f9-1059a2e5356e,Justis,Fretson,TX
5afe68cb-cfb1-4ad2-b6e9-426c5c52313a,Alvera,Bowditch,CA
0413708d-2b1b-4263-8928-6799a4f4163e,Gonzalo,Letty,CA
e0e09566-ac07-4c3a-8e2c-662a88f63839,Albert,Trevon,FL
1ac7292f-99d0-478d-ad6a-00345b1d25a2,Sheilah,Soeiro,TX
bdb0a18e-4873-4dbb-9e50-1c2cffb17027,Fredek,Van de Velde,NC
d6f71d0c-bd19-4bbe-9ade-a7f463352675,Keane,Goodwins,FL
330defc4-fd8e-4d63-8be7-2e4c525f49b0,Christye,Kenelin,OH
e6aad43d-7c53-424c-a7fa-c6b768550db8,Julie,Stoner,VA
82b73477-8cc7-468b-b84b-3576cc41aec2,Tonya,Rodolico,IL
2d288db0-3ad6-4907-9191-0b6c2f25a40a,Dulce,Bovey,AL
16c3d3a0-3a3f-40c2-a339-212b448ed5fe,Clareta,Kirdsch,NY
02f68c84-67f9-4210-9db3-b71aae238a2e,Berenice,Lepoidevin,KY
5be5ca5b-9162-4555-bbe2-917355f75c84,Any,Newbury,OH
f95fcfb3-396f-4325-b964-a68df6bd9150,Pet,Clemonts,DC
eb9f79ca-328a-404b-94ef-194199db7bda,Wilton,Lowers,FL
dae82ecc-0421-430d-9007-3107364334a9,Allan,Bastone,TX
390e86bf-f011-4cc2-8084-9fca3422b0db,Lavena,Falks,NY
72e3ff1a-ddf8-48c8-a542-64afadab78bc,Conroy,Roper,NY
e8be46c8-3813-4970-b531-0bbdaa111c8b,Curtis,Abeles,KY
dc59617e-ff83-4abf-be0a-cd212e9e886f,Gwen,Tefft,IA
e6ad7932-9963-456a-8d50-9f71a3b27158,Terese,Messum,CA
41291b2f-ccf6-4a8d-a370-a37420e42eac,Mort,Tunnacliffe,AL
ad93e02b-69a3-4d4b-9ae1-a1c57a620bf5,Caryl,Clarke,FL
3fa8ac60-b99b-4f5e-ad65-3201a2daf77e,Luis,Spriggin,KY
0c7a36f8-0990-4478-baf7-b0cfb1b70213,Laird,Mosby,NM
d1989823-5a95-4148-a32b-1d7a6a3a43c5,Augustine,Greenlies,PA
39668f9f-98da-43ab-99ea-25f3f53b8708,Krissy,Crocumbe,CA
9866bad1-9545-4341-b005-43d928f61f00,Jeffry,MacNamara,FL
fe958f3f-6a87-43e5-99d7-d06a3eac8d58,Alex,Goodbody,IL
582aa2c9-b40c-4729-a105-a37be1bec2f3,Sheffield,Retchless,DC
383ea8a3-f9ce-4e31-a645-efcb9b5938cd,Cam,Hearl,FL
4d0a70a5-0e8c-4559-99b2-6fe37f101db2,Isiahi,Ahearne,FL
bf89c97e-bfb2-4c14-a1ca-92e81160a0e4,Catha,Figure,PA
d7a7d5da-4d3d-4ca4-b144-536934ce28fd,Felizio,Louden,LA
0912eae3-2b6d-4ded-a863-58a930d6d6f3,Nelle,Scardefield,FL
bc0e5223-a635-4108-94b6-ee3a4974f056,Francesco,Kops,CA
797ee28d-792b-4aa6-8a1e-8feea44c74c3,Issi,Epine,CO
2c4daadc-6b9a-47b9-b6d5-51b7e97554fd,Zitella,Constantine,CA
e9c1f2df-5206-4a1d-b968-e66bc8f0b249,Anjela,Nijs,FL
dd6c459e-693d-47dd-afb0-80691a4eb265,Frances,Christall,OH
efc26499-a37b-401a-af5b-94014540af87,Domingo,Bausmann,DC
6977e9ab-b0cf-48d0-b147-a4af1dae45e1,Bartel,Brattan,MN
7a703630-1dfb-4280-a36d-2e33cf4b20e2,Urban,Willerson,CO
d7ed71da-43c4-4472-aed8-565652345f24,Barby,Simonett,TX
b4b8cb14-afb4-4f58-b4fb-5d4329f27969,Shannan,Pine,FL
c8e73ee9-f10a-4766-9ee3-a26e9d290b36,Amargo,Paridge,MD
3b10a035-e17c-41fc-b673-3cfab9ce59c5,Lorraine,Aherne,FL
e3008ef0-4131-4edd-af9f-e923f0abb9c3,Giana,Ericsson,WV
0215c1f3-1ed1-4856-b373-47508366abe4,Winni,Minter,FL
a02bd217-0bf9-496d-a572-8d10f0860a17,Denys,Broadbury,DE
e0aea3cf-8b6c-49b5-bdbb-d8e91b00f45b,Nicky,McKeaney,TX
586e8355-40a8-4dd6-86a2-d82af6647f3a,Konrad,Bentsen,OH
27e40baa-544f-43fb-8570-e5867833a994,Leonelle,Djurkovic,MS
b3d2f4be-9db7-4e62-8bed-be176b602d40,Dalston,Garrard,WA
ae079d2f-c031-4513-b512-828785a98373,Leta,Blodg,AZ
03903df2-3b03-4711-915b-849076da3f13,Sinclare,Merry,CA
445af03a-a6de-4798-b45d-044955ad9401,Andreas,Wyvill,TX
ad5b83a4-acc6-484d-9720-d8e8db675882,Jeanine,Paoletto,OR
cb6fce1a-51cc-43b1-a505-e0c15f491efa,Brina,Caddock,RI
cd98de35-6d43-4de0-bc92-02eb49c9031e,Rheba,Murrell,CA
c8453361-f7ec-4998-acbc-a2b71dae65e3,Eddi,Dumsday,TN
58aa6615-06ca-4dae-9306-86b1a5176ea1,Zak,Ximenez,CT
3d631dfb-18e6-4730-8217-a10ac213756d,Tedman,Merrell,TX
df6d9f8a-2e3e-4b48-8090-85c6f7255ed6,Cassius,Barstow,NV
8bdaede6-0151-4888-826a-ba7fbcff0e67,Kenn,Ahlf,GA
db7c843d-ca38-42a3-ab8d-8b5760b6af1c,Felizio,Belden,CA
bd99bb0c-51f7-427e-9e53-31579c3ccb68,Kale,Pittford,WA
af0295cc-1e76-4ecd-9e28-87ed80999f8d,Doe,Hansen,NV
327acf6e-a646-49e8-9c7e-69e575d657a7,Bern,Sill,GA
399c631d-3cbd-4fc3-886e-62e994cd48ea,Wileen,Essel,CA
817295aa-5ecd-40de-b743-7a6d1da768e3,Mickie,Rennles,OH
040bd236-0a01-4f68-8492-8bbc7ffdcff6,Hobie,Brooksby,NV
28615826-c9f4-464b-bd09-ac52ef17fd7b,Nero,Benes,LA
451940bd-657f-45a0-a69e-5bbcbb92f47b,Donica,Slowgrove,CA
e0ec606d-09e5-4e97-b077-43475cca1638,Shirlene,Tidbold,TX
202a5ac5-0ba7-4259-8262-0c7300b86848,Estrella,Igo,NY
39d4b1ea-3a9c-4c67-a44e-d7f8527366e8,Amara,Dunckley,MI
2fd3c2ab-0050-41c6-9be6-80ecb2f06795,Larina,Carrell,VA
02cc140a-dff6-477b-9ede-baf7d74b1327,Othella,Klass,AZ
e262775b-d5aa-4ca1-80be-a49862fff566,Ody,Ambrogelli,CA
2bdbe20a-e08d-41f7-9df5-3b3b2b570fca,Tiff,Braga,VA
789ecac4-49a5-4195-91bd-2b16e5150830,Eddy,Penfold,AL
11db7255-1d0e-41cc-b5f6-0d8bb2364a38,Aymer,Rayer,ID
a3b84619-95e3-4494-9cfd-425ed03d958d,Jackie,Snead,Texas
905f3aec-46e2-44b9-b8a6-c52f522b7b9d,Jack,Jack,Jack
